date,region,stores_active,stockout_rate,delivery_delay_hours
01-01-2024,North,1013,0.061087368,1.623384906
01-01-2024,South,860,0.06149717,2.464119896
01-01-2024,East,1013,0.063951739,2.16390833
01-01-2024,West,1018,0.053330141,2.120795306
02-01-2024,North,959,0.006310145,3.273528771
02-01-2024,South,879,0.059146486,5.098221475
02-01-2024,East,911,0.075791264,3.035522431
02-01-2024,West,918,0.106319718,0.609217846
03-01-2024,North,1026,0.017489119,0.493428429
03-01-2024,South,842,0.056041537,4.477993967
03-01-2024,East,1101,0.049903896,2.406238444
03-01-2024,West,1135,0.030782207,3.530369061
04-01-2024,North,953,0.055904652,2.761766325
04-01-2024,South,955,0.088254537,0.826231096
04-01-2024,East,1121,0.003915761,2.638990777
04-01-2024,West,936,0.024179209,3.32856985
05-01-2024,North,1199,0.053813906,4.931253095
05-01-2024,South,871,0.054379278,2.158178368
05-01-2024,East,1112,0.035565464,2.491572885
05-01-2024,West,957,0.081163673,1.29436405
06-01-2024,North,1192,0.050400359,5.000192184
06-01-2024,South,1141,0.050674381,3.268593581
06-01-2024,East,977,0.020586781,3.805628507
06-01-2024,West,879,0.049546223,2.928696132
07-01-2024,North,1190,0.047819532,3.034375309
07-01-2024,South,925,0.077652783,5.05771608
07-01-2024,East,906,0.044744341,3.221175979
07-01-2024,West,933,0.027604479,4.069203929
08-01-2024,North,1136,0.063452515,4.770705651
08-01-2024,South,1173,0.103140076,3.138186048
08-01-2024,East,858,0.05716689,1.803442071
08-01-2024,West,889,0.011057692,2.105858561
09-01-2024,North,1056,0.048812651,4.309136642
09-01-2024,South,1137,0.04169357,3.751519674
09-01-2024,East,912,0.054862693,2.529796661
09-01-2024,West,1031,0.023424098,2.76087294
10-01-2024,North,827,0.0319806,0.538020294
10-01-2024,South,1059,0.084448286,3.199637961
10-01-2024,East,873,0.074868116,4.22803021
10-01-2024,West,1073,0.038013653,2.462623226
11-01-2024,North,985,0.046826976,3.217579536
11-01-2024,South,1084,0.052141206,3.160133037
11-01-2024,East,1040,0.057207374,2.089354913
11-01-2024,West,975,0.059761908,4.767502396
12-01-2024,North,950,0.05699553,2.652095394
12-01-2024,South,1022,0.001926628,4.392455941
12-01-2024,East,1026,0.049364577,5.03785755
12-01-2024,West,828,0.022182117,2.517658425
13-01-2024,North,946,0.040851068,3.11037348
13-01-2024,South,843,0.022018431,1.479713208
13-01-2024,East,1195,0.073807041,4.57215548
13-01-2024,West,960,0.050750837,4.091805339
14-01-2024,North,845,0.065923148,3.447352673
14-01-2024,South,873,0.045612267,3.019701937
14-01-2024,East,986,0.03212508,2.612035031
14-01-2024,West,886,0.030563256,3.840166985
15-01-2024,North,1047,0.05202067,3.469578897
15-01-2024,South,1126,0.045301515,2.106484907
15-01-2024,East,988,0.03930809,2.22784153
15-01-2024,West,895,0.042029862,3.486171241
16-01-2024,North,931,0.053261327,1.937492424
16-01-2024,South,1081,0.027430781,3.831102441
16-01-2024,East,960,0.055074134,2.102745073
16-01-2024,West,861,0.062082819,1.010077033
17-01-2024,North,1120,0.052058348,0.685955934
17-01-2024,South,978,0.063677955,3.885902323
17-01-2024,East,1041,0.091759874,3.707714883
17-01-2024,West,998,0.035142824,1.539414529
18-01-2024,North,888,0.050022199,1.455566152
18-01-2024,South,884,0.037977469,4.16591652
18-01-2024,East,1097,0.039429251,3.842175565
18-01-2024,West,1057,0.041298965,4.440321773
19-01-2024,North,1032,0.03566853,3.809594436
19-01-2024,South,1149,0.032569853,3.229049738
19-01-2024,East,1137,0.084688662,2.024759075
19-01-2024,West,1063,0.016639946,3.209176651
20-01-2024,North,920,0.050697759,1.62448911
20-01-2024,South,1141,0.075146693,3.28791482
20-01-2024,East,909,0.034608131,3.326044376
20-01-2024,West,1088,0.03394394,1.450418936
21-01-2024,North,810,0.063717156,0.846269426
21-01-2024,South,1069,0.029303701,4.059193715
21-01-2024,East,1119,0.055859037,1.798411812
21-01-2024,West,924,0.096103277,2.789792298
22-01-2024,North,896,0.030031183,4.623256691
22-01-2024,South,1064,0.07380741,4.01865673
22-01-2024,East,1100,0.081808071,2.430851801
22-01-2024,West,922,0.028283497,5.114175218
23-01-2024,North,1096,0.059972096,3.753735637
23-01-2024,South,1073,0.040497043,4.173510858
23-01-2024,East,824,0.032043187,4.07897523
23-01-2024,West,1137,0.036524763,4.029840913
24-01-2024,North,910,0.073052962,1.782596207
24-01-2024,South,1071,0.058405344,3.299651923
24-01-2024,East,934,0.018363652,3.794183658
24-01-2024,West,1167,0.045716994,3.837154486
25-01-2024,North,1199,0.011847764,2.451600861
25-01-2024,South,944,0.061461879,1.991144967
25-01-2024,East,1067,0.059580063,2.13869042
25-01-2024,West,1176,0.029243633,4.478067726
26-01-2024,North,1192,0.068101331,2.865618932
26-01-2024,South,838,0.03944229,3.088412378
26-01-2024,East,855,0.043644782,3.116578512
26-01-2024,West,893,0.068901465,3.13674961
27-01-2024,North,1132,0.035946845,1.094669548
27-01-2024,South,927,0.063632819,2.235433017
27-01-2024,East,1008,0.021463468,3.069337162
27-01-2024,West,1000,0.071080726,3.700563675
28-01-2024,North,977,0.061772709,3.728345213
28-01-2024,South,1067,0.069081702,4.218480215
28-01-2024,East,924,0.053972772,2.804974111
28-01-2024,West,1015,0.040237911,3.830134399
29-01-2024,North,829,0.02309971,2.138950328
29-01-2024,South,1007,0.065219535,3.513303911
29-01-2024,East,1092,0.07367841,2.308068678
29-01-2024,West,846,0.051490192,4.025632114
30-01-2024,North,1175,0.064988142,3.021752184
30-01-2024,South,1152,0.09642008,3.603478042
30-01-2024,East,1031,0.049891611,4.715266042
30-01-2024,West,1137,0.03328622,4.097220192
31-01-2024,North,1095,0.043173803,3.534543613
31-01-2024,South,1091,0.029749078,3.223577358
31-01-2024,East,1034,0.084146596,2.229181197
31-01-2024,West,963,0.068083645,1.992739409
01-02-2024,North,804,0.064776466,4.280332304
01-02-2024,South,1069,0.069614745,3.645987939
01-02-2024,East,1138,0.080972786,3.320216578
01-02-2024,West,1010,0.036382612,1.121821
02-02-2024,North,1101,0.034685094,2.905581738
02-02-2024,South,964,0.058813976,2.19781533
02-02-2024,East,1164,0.039986472,3.157151871
02-02-2024,West,923,0.057968961,3.245404061
03-02-2024,North,839,0.047796641,2.37475024
03-02-2024,South,1008,0.051443065,3.738237231
03-02-2024,East,1063,0.018630489,1.863099191
03-02-2024,West,894,0.064124619,3.227991164
04-02-2024,North,858,0.0613508,4.613581465
04-02-2024,South,823,0.02733158,3.349923715
04-02-2024,East,1022,0.043104451,1.128029094
04-02-2024,West,1080,0.076337113,2.773583269
05-02-2024,North,1054,0.019304253,2.546817024
05-02-2024,South,1116,0.054887805,3.089880111
05-02-2024,East,817,0.047710553,3.147755907
05-02-2024,West,814,0.052897273,2.213374743
06-02-2024,North,1098,0.069005144,4.271524148
06-02-2024,South,816,0.079452881,3.142359243
06-02-2024,East,1068,0.050645085,4.816606164
06-02-2024,West,828,0.041298395,3.773000929
07-02-2024,North,804,0.071798099,2.428816026
07-02-2024,South,962,0.064508676,2.894947124
07-02-2024,East,997,0.007217718,2.854062564
07-02-2024,West,885,0.090551639,3.003375975
08-02-2024,North,1178,0.020447752,3.257600857
08-02-2024,South,1059,0.063134811,3.156759522
08-02-2024,East,1026,0.030303245,3.568480772
08-02-2024,West,943,0.045723464,4.393628676
09-02-2024,North,1033,0.035652157,2.655413464
09-02-2024,South,1156,0.074412814,3.022882877
09-02-2024,East,1176,0.086036279,1.672627277
09-02-2024,West,1024,0.00711025,2.368341599
10-02-2024,North,858,0.052868531,3.871524386
10-02-2024,South,817,0.023707252,1.227421435
10-02-2024,East,1161,0.072710326,3.181598769
10-02-2024,West,875,0.046760904,3.438412699
11-02-2024,North,920,0.020454386,1.322708732
11-02-2024,South,883,0.023137495,2.604399627
11-02-2024,East,965,0.091568285,3.362411463
11-02-2024,West,1186,0.081828007,3.876714186
12-02-2024,North,1181,0.053898144,4.053000027
12-02-2024,South,1049,0.037253427,3.398041559
12-02-2024,East,910,0.040883103,3.574920516
12-02-2024,West,943,0.056415197,2.160162129
13-02-2024,North,1190,0.036524198,3.957537163
13-02-2024,South,1034,0.054162999,1.93051338
13-02-2024,East,982,0.039791156,2.622882126
13-02-2024,West,906,0.017526305,2.299809817
14-02-2024,North,1033,0.038954775,1.90285635
14-02-2024,South,926,0.065783521,1.399192429
14-02-2024,East,863,0.051764715,3.97390512
14-02-2024,West,909,0.049208275,2.701526192
15-02-2024,North,803,0.022783484,1.196032101
15-02-2024,South,825,0.093194785,1.138515549
15-02-2024,East,891,0.04481099,5.850777424
15-02-2024,West,1199,0.06119132,2.853862304
16-02-2024,North,900,0.028281549,2.689778993
16-02-2024,South,1046,0.054149458,2.575837997
16-02-2024,East,834,0.059335104,3.790015409
16-02-2024,West,1192,0.020317484,1.229273042
17-02-2024,North,962,0.021479638,3.393873218
17-02-2024,South,854,0.047340973,4.612438636
17-02-2024,East,992,0.040870054,4.284437053
17-02-2024,West,1102,0.061597337,4.047684061
18-02-2024,North,938,0.037371949,3.052526368
18-02-2024,South,800,0.077339493,3.554092107
18-02-2024,East,825,0.08534049,1.935755288
18-02-2024,West,1195,0.027115698,1.867448659
19-02-2024,North,866,0.037901865,3.497788309
19-02-2024,South,941,0.031869179,4.176230564
19-02-2024,East,1175,0.048747258,2.472087607
19-02-2024,West,818,0.102757635,3.301873381
20-02-2024,North,1006,0.005424235,2.597617302
20-02-2024,South,1065,0.026678682,3.593428889
20-02-2024,East,1035,0.062545824,4.111698536
20-02-2024,West,1057,0.037992286,3.13965369
21-02-2024,North,930,0.065936659,2.225475391
21-02-2024,South,1020,0.062881541,3.153891111
21-02-2024,East,1092,0.025816026,3.056741683
21-02-2024,West,1176,0.044358214,2.947760913
22-02-2024,North,876,0.031635933,3.640960799
22-02-2024,South,1020,0.043397702,4.587094159
22-02-2024,East,831,0.078976402,2.684918072
22-02-2024,West,990,0.040033778,3.834854759
23-02-2024,North,1063,0.059029392,3.987735101
23-02-2024,South,948,0.031417273,1.865979814
23-02-2024,East,993,0.032588913,2.32017229
23-02-2024,West,995,0.070628609,1.957002976
24-02-2024,North,952,0.069176326,4.127686295
24-02-2024,South,1020,0.037025264,2.858622031
24-02-2024,East,1075,0.067223691,1.920193832
24-02-2024,West,929,0.046298047,4.212129204
25-02-2024,North,940,0.06072242,0.548463606
25-02-2024,South,927,0.046958182,4.545733142
25-02-2024,East,830,0.068755307,2.040976033
25-02-2024,West,1033,0.074668122,2.992311004
26-02-2024,North,947,0.026911007,5.258266493
26-02-2024,South,1170,0.073919529,2.655678798
26-02-2024,East,860,0.062298243,3.528707921
26-02-2024,West,1194,0.076363941,1.641825079
27-02-2024,North,1048,0.053555563,2.764044514
27-02-2024,South,1186,0.063818219,2.555193162
27-02-2024,East,809,0.036848234,3.049223878
27-02-2024,West,991,0.055494869,2.552382844
28-02-2024,North,1028,0.047126809,2.834919435
28-02-2024,South,831,0.055013032,3.676644068
28-02-2024,East,891,0.016916471,1.965528643
28-02-2024,West,995,0.022383318,4.144679346
29-02-2024,North,1094,0.022924907,3.734476745
29-02-2024,South,925,0.062628928,2.851134773
29-02-2024,East,904,0.039763951,3.563917403
29-02-2024,West,1142,0.01036071,1.500818798
01-03-2024,North,1081,0.075937747,4.481573013
01-03-2024,South,840,0.092485759,3.574822235
01-03-2024,East,1134,0.095215643,5.058028531
01-03-2024,West,984,0.063582422,4.573195805
02-03-2024,North,1064,0.089892036,5.300565473
02-03-2024,South,1091,0.087914709,5.141155415
02-03-2024,East,894,0.071461881,5.553382446
02-03-2024,West,1045,0.076566527,6.098484876
03-03-2024,North,1053,0.058405319,5.180217171
03-03-2024,South,1143,0.074871949,3.662924892
03-03-2024,East,1120,0.094786921,4.392744949
03-03-2024,West,1131,0.069696582,4.873481103
04-03-2024,North,1123,0.053187543,4.680559419
04-03-2024,South,1145,0.079955747,6.568005031
04-03-2024,East,815,0.038653702,4.788702383
04-03-2024,West,865,0.061943821,5.809264698
05-03-2024,North,1199,0.106418537,5.426775924
05-03-2024,South,1172,0.079217507,4.886110807
05-03-2024,East,922,0.094752519,4.294120986
05-03-2024,West,1057,0.058676229,7.639308869
06-03-2024,North,979,0.071245254,5.181989883
06-03-2024,South,1123,0.110714426,5.930723711
06-03-2024,East,937,0.075503427,5.998670117
06-03-2024,West,860,0.054312259,6.475879151
07-03-2024,North,912,0.067245974,5.345148374
07-03-2024,South,1178,0.075338062,5.548126329
07-03-2024,East,888,0.095309966,3.851323368
07-03-2024,West,931,0.068988259,5.509689231
08-03-2024,North,1129,0.094693702,6.813856137
08-03-2024,South,818,0.075677913,3.983475638
08-03-2024,East,1096,0.110660079,6.212737514
08-03-2024,West,1081,0.042006594,4.87173652
09-03-2024,North,1179,0.072927272,4.708136151
09-03-2024,South,1080,0.071959908,5.721226544
09-03-2024,East,1034,0.064679096,4.53873295
09-03-2024,West,870,0.067796358,3.909211402
10-03-2024,North,1179,0.098053206,4.673202657
10-03-2024,South,1072,0.065864704,5.363287276
10-03-2024,East,1017,0.049869495,3.995709437
10-03-2024,West,1015,0.114510532,5.752301938
11-03-2024,North,879,0.093144022,4.860731293
11-03-2024,South,812,0.108183568,4.512571787
11-03-2024,East,800,0.076949999,4.654019169
11-03-2024,West,1065,0.06422607,6.373405942
12-03-2024,North,1081,0.043406364,5.615967006
12-03-2024,South,1067,0.086186267,5.163487223
12-03-2024,East,833,0.093864352,2.972322728
12-03-2024,West,1033,0.08560248,3.045319004
13-03-2024,North,1052,0.0629463,5.19128826
13-03-2024,South,1087,0.087289087,4.780251788
13-03-2024,East,1187,0.103700393,3.729691273
13-03-2024,West,1121,0.045108701,4.07834688
14-03-2024,North,996,0.10793109,3.834145232
14-03-2024,South,1186,0.101307525,4.741954484
14-03-2024,East,1072,0.080986497,5.208663483
14-03-2024,West,927,0.079764373,3.523155839
15-03-2024,North,858,0.055535595,6.424627732
15-03-2024,South,1103,0.079548799,6.356794368
15-03-2024,East,828,0.091800095,7.540391098
15-03-2024,West,975,0.086223655,3.973505724
16-03-2024,North,1064,0.090781061,5.563597453
16-03-2024,South,924,0.073213776,4.958662795
16-03-2024,East,812,0.077524661,5.9311388
16-03-2024,West,819,0.071017851,5.202225875
17-03-2024,North,868,0.105073312,5.077795148
17-03-2024,South,1154,0.081159728,5.133399654
17-03-2024,East,977,0.089675577,5.551334216
17-03-2024,West,936,0.047708012,5.085187008
18-03-2024,North,804,0.069667716,3.976746777
18-03-2024,South,914,0.014910421,6.195452712
18-03-2024,East,881,0.098920755,5.367530369
18-03-2024,West,1122,0.048411274,4.182108158
19-03-2024,North,1110,0.069384682,3.946693674
19-03-2024,South,808,0.065695581,4.903370464
19-03-2024,East,1138,0.104177552,6.02104874
19-03-2024,West,1155,0.074450999,3.744200559
20-03-2024,North,1044,0.108368051,4.661564215
20-03-2024,South,1059,0.079562865,5.707231374
20-03-2024,East,1169,0.106529336,6.889610005
20-03-2024,West,1103,0.054100452,5.220367549
21-03-2024,North,1046,0.090407608,4.928299205
21-03-2024,South,915,0.083175121,6.156006669
21-03-2024,East,1067,0.070748291,6.014756624
21-03-2024,West,840,0.066961799,5.044873236
22-03-2024,North,1144,0.10915842,5.902107519
22-03-2024,South,1147,0.108623042,4.73996375
22-03-2024,East,1197,0.065811503,4.916960564
22-03-2024,West,1020,0.039315023,3.757750769
23-03-2024,North,1006,0.041456618,7.357091831
23-03-2024,South,897,0.06991404,4.392176107
23-03-2024,East,1026,0.070880576,4.028618723
23-03-2024,West,876,0.089844789,4.004915032
24-03-2024,North,939,0.084697072,6.241197279
24-03-2024,South,821,0.063805503,5.187800338
24-03-2024,East,934,0.065570862,5.547663282
24-03-2024,West,911,0.094466964,6.645381833
25-03-2024,North,1020,0.095349587,4.998285846
25-03-2024,South,844,0.071776121,5.99135228
25-03-2024,East,956,0.081220572,3.377534669
25-03-2024,West,837,0.037498102,5.317452947
26-03-2024,North,1099,0.066909329,2.950485484
26-03-2024,South,1115,0.061620843,4.499785484
26-03-2024,East,930,0.069853303,2.698024574
26-03-2024,West,1051,0.072132354,4.237582049
27-03-2024,North,850,0.079582615,3.256260297
27-03-2024,South,827,0.073711704,3.404432754
27-03-2024,East,927,0.097962108,6.208246674
27-03-2024,West,1006,0.06293009,4.330563086
28-03-2024,North,904,0.046624701,5.298553281
28-03-2024,South,843,0.092458645,6.810327591
28-03-2024,East,935,0.058538437,4.208738849
28-03-2024,West,881,0.06501168,5.337766099
29-03-2024,North,1182,0.087525197,5.2076435
29-03-2024,South,855,0.063978136,5.63346579
29-03-2024,East,887,0.077773623,5.299085734
29-03-2024,West,1014,0.101827865,5.782443649
30-03-2024,North,981,0.071878177,3.41131187
30-03-2024,South,954,0.088397675,5.100757637
30-03-2024,East,1110,0.065600209,4.075937193
30-03-2024,West,811,0.098833935,6.176456022
31-03-2024,North,1077,0.10630188,6.284590719
31-03-2024,South,1102,0.075446136,2.538527886
31-03-2024,East,808,0.04497124,4.231781392
31-03-2024,West,1146,0.074634036,5.17454306
01-04-2024,North,1177,0.089536272,4.510158058
01-04-2024,South,1044,0.054993728,5.210815078
01-04-2024,East,1058,0.044891242,4.304850642
01-04-2024,West,1045,0.089462909,4.297088562
02-04-2024,North,1072,0.09549161,5.179114011
02-04-2024,South,924,0.102684951,4.847859567
02-04-2024,East,838,0.057403003,4.17616313
02-04-2024,West,856,0.04553104,4.878969238
03-04-2024,North,814,0.076733841,6.185829199
03-04-2024,South,861,0.092173695,6.108437608
03-04-2024,East,825,0.118419093,4.879303752
03-04-2024,West,803,0.111649613,3.593921307
04-04-2024,North,824,0.108686193,5.284754593
04-04-2024,South,984,0.073820778,4.667659828
04-04-2024,East,1197,0.078489801,6.000932679
04-04-2024,West,875,0.100782195,5.530093119
05-04-2024,North,1085,0.085559736,6.053326239
05-04-2024,South,1091,0.108247613,5.063540051
05-04-2024,East,1195,0.077681801,5.373781734
05-04-2024,West,848,0.045656217,3.420634301
06-04-2024,North,814,0.052879874,4.082038628
06-04-2024,South,892,0.062317174,6.800401117
06-04-2024,East,980,0.100613095,5.648800542
06-04-2024,West,842,0.096489036,5.082700004
07-04-2024,North,996,0.059791999,4.371143913
07-04-2024,South,1019,0.048640235,3.50753773
07-04-2024,East,1187,0.067241635,4.123370798
07-04-2024,West,1041,0.08409032,4.504703929
08-04-2024,North,1137,0.05444618,5.988028918
08-04-2024,South,955,0.097884655,4.233677475
08-04-2024,East,1128,0.07281703,5.302154317
08-04-2024,West,1089,0.081592854,6.600495066
09-04-2024,North,974,0.06360672,4.56053173
09-04-2024,South,901,0.096394794,4.804527356
09-04-2024,East,1100,0.114228035,7.473266083
09-04-2024,West,808,0.055153794,3.299195975
10-04-2024,North,1081,0.113028889,4.980986262
10-04-2024,South,829,0.076663242,3.810977941
10-04-2024,East,1119,0.066379647,5.211580792
10-04-2024,West,983,0.097443062,5.324036443
11-04-2024,North,846,0.063785335,3.190048342
11-04-2024,South,1057,0.075006117,4.631550125
11-04-2024,East,871,0.124427112,5.177075042
11-04-2024,West,1052,0.104038633,5.008788443
12-04-2024,North,851,0.088773096,5.488918845
12-04-2024,South,888,0.071555801,5.706484761
12-04-2024,East,1074,0.048093509,4.798931854
12-04-2024,West,965,0.047579834,4.302170712
13-04-2024,North,906,0.092816328,5.079850945
13-04-2024,South,942,0.073955126,5.82478812
13-04-2024,East,1079,0.047195283,4.452184763
13-04-2024,West,812,0.075985187,7.981793494
14-04-2024,North,919,0.062720403,4.87346742
14-04-2024,South,859,0.114784178,3.938589748
14-04-2024,East,843,0.051517552,4.543596817
14-04-2024,West,877,0.077027579,4.02673909
15-04-2024,North,931,0.051520838,5.17852917
15-04-2024,South,943,0.079590652,5.624045259
15-04-2024,East,1189,0.078149003,5.029989595
15-04-2024,West,827,0.081360431,3.474839351
16-04-2024,North,1110,0.062722681,4.576939399
16-04-2024,South,955,0.073818841,3.925802942
16-04-2024,East,886,0.087719402,3.823355056
16-04-2024,West,1105,0.045566349,5.798386472
17-04-2024,North,1174,0.067275526,4.434939526
17-04-2024,South,1099,0.057576614,2.665977141
17-04-2024,East,1032,0.069727774,5.952759689
17-04-2024,West,1013,0.087595215,5.232180887
18-04-2024,North,991,0.064733016,5.005685698
18-04-2024,South,900,0.067636791,5.898511705
18-04-2024,East,1049,0.090366832,5.710989018
18-04-2024,West,832,0.103118556,6.052106822
19-04-2024,North,1163,0.099819164,4.697968977
19-04-2024,South,811,0.110161273,6.122892123
19-04-2024,East,951,0.053054922,4.10120019
19-04-2024,West,812,0.087346283,4.583972425
20-04-2024,North,1075,0.083739804,4.95572668
20-04-2024,South,1083,0.05951614,4.859546901
20-04-2024,East,812,0.113836697,6.545237713
20-04-2024,West,822,0.061083483,4.227575673
21-04-2024,North,860,0.100216795,8.529055188
21-04-2024,South,1107,0.077624055,6.606400753
21-04-2024,East,1048,0.084613946,4.16103156
21-04-2024,West,1133,0.071159257,6.058130099
22-04-2024,North,866,0.06559576,3.874345032
22-04-2024,South,1103,0.069299267,5.327654792
22-04-2024,East,957,0.098936151,5.055002936
22-04-2024,West,1034,0.091442514,5.595931347
23-04-2024,North,876,0.08536064,3.317413113
23-04-2024,South,846,0.06280773,4.109431189
23-04-2024,East,853,0.080826764,4.457136395
23-04-2024,West,805,0.094666965,4.276091811
24-04-2024,North,1161,0.06854052,5.990462758
24-04-2024,South,852,0.095936097,6.905023084
24-04-2024,East,1191,0.078349292,4.932702122
24-04-2024,West,985,0.088647054,4.282818099
25-04-2024,North,979,0.006067562,5.075248575
25-04-2024,South,857,0.111780115,4.859074076
25-04-2024,East,1031,0.061678206,4.582272194
25-04-2024,West,1173,0.097579279,5.480608593
26-04-2024,North,813,0.074995277,4.682209786
26-04-2024,South,879,0.050274365,5.869117237
26-04-2024,East,1075,0.044116163,6.083145213
26-04-2024,West,959,0.048616126,4.759121405
27-04-2024,North,823,0.10019911,3.668381884
27-04-2024,South,844,0.104373253,5.12205888
27-04-2024,East,1108,0.060038107,3.245715147
27-04-2024,West,826,0.055156361,6.082514635
28-04-2024,North,1132,0.09540045,5.154344233
28-04-2024,South,1104,0.05312062,4.012689325
28-04-2024,East,1155,0.089977664,4.657851349
28-04-2024,West,1183,0.076085952,4.767443552
29-04-2024,North,969,0.06491915,6.944107704
29-04-2024,South,948,0.080836555,4.282629305
29-04-2024,East,812,0.058679357,4.948457791
29-04-2024,West,918,0.116856151,3.635656607
30-04-2024,North,1032,0.048626496,4.725144323
30-04-2024,South,1081,0.086419951,6.002236167
30-04-2024,East,845,0.095607445,5.524518793
30-04-2024,West,1127,0.118780654,5.852680376
01-05-2024,North,1142,0.10760396,5.876472956
01-05-2024,South,1131,0.074462213,4.328279211
01-05-2024,East,894,0.08818841,4.573780226
01-05-2024,West,908,0.070007292,4.938770625
02-05-2024,North,1134,0.091761534,5.962345169
02-05-2024,South,1029,0.07781167,4.324862495
02-05-2024,East,1059,0.074328378,4.501048876
02-05-2024,West,894,0.070695151,5.80410497
03-05-2024,North,1171,0.071699108,4.16030834
03-05-2024,South,1133,0.080854563,5.694036405
03-05-2024,East,875,0.094294913,4.766275942
03-05-2024,West,1050,0.07940461,4.895383068
04-05-2024,North,847,0.109180447,6.34040642
04-05-2024,South,935,0.053326786,4.684977052
04-05-2024,East,1069,0.075029093,5.230942077
04-05-2024,West,860,0.07572207,6.252495729
05-05-2024,North,946,0.088939445,5.990959315
05-05-2024,South,965,0.102202525,5.295391757
05-05-2024,East,925,0.078879707,5.253008487
05-05-2024,West,1155,0.069198675,5.312329582
06-05-2024,North,1093,0.112107119,6.223936344
06-05-2024,South,839,0.08353716,4.585683105
06-05-2024,East,1024,0.07222968,3.073545061
06-05-2024,West,987,0.073147466,4.288489029
07-05-2024,North,1142,0.09532777,4.586105058
07-05-2024,South,885,0.045771285,5.438598446
07-05-2024,East,1117,0.041818873,5.769565144
07-05-2024,West,867,0.081115846,4.573872851
08-05-2024,North,977,0.10280988,4.36315709
08-05-2024,South,814,0.024291883,6.098196118
08-05-2024,East,1049,0.08290846,6.397294061
08-05-2024,West,965,0.109058273,2.814691178
09-05-2024,North,867,0.048934335,5.665948838
09-05-2024,South,1148,0.112112397,2.919259475
09-05-2024,East,899,0.107291584,6.058896266
09-05-2024,West,1191,0.103529809,4.228290313
10-05-2024,North,1016,0.075081875,6.516135897
10-05-2024,South,1086,0.091174477,4.843522624
10-05-2024,East,1105,0.020121998,5.911206298
10-05-2024,West,978,0.092244096,6.874376497
11-05-2024,North,1071,0.069255898,6.239011134
11-05-2024,South,979,0.115386746,5.199507326
11-05-2024,East,920,0.083846627,6.144344851
11-05-2024,West,819,0.12076658,4.466699
12-05-2024,North,1184,0.075599639,4.872593128
12-05-2024,South,986,0.108090457,6.663388837
12-05-2024,East,937,0.092664506,4.612370167
12-05-2024,West,886,0.061186109,5.079083705
13-05-2024,North,1018,0.101930856,2.986999368
13-05-2024,South,965,0.061922392,4.68197417
13-05-2024,East,998,0.1062815,4.051251305
13-05-2024,West,1045,0.072412754,5.047871887
14-05-2024,North,905,0.06864165,5.317646369
14-05-2024,South,880,0.098775153,6.417094826
14-05-2024,East,1120,0.071284205,4.158550486
14-05-2024,West,1077,0.043739555,3.356976375
15-05-2024,North,1064,0.078321963,4.616315745
15-05-2024,South,1149,0.083400948,4.976606263
15-05-2024,East,1063,0.083868971,6.309865169
15-05-2024,West,1041,0.061246022,3.632561209
16-05-2024,North,1151,0.06569503,4.305823264
16-05-2024,South,886,0.092561053,5.114583691
16-05-2024,East,991,0.097479447,5.891807554
16-05-2024,West,1159,0.046961636,4.761068179
17-05-2024,North,940,0.076152008,5.611719574
17-05-2024,South,1089,0.082160489,3.261677995
17-05-2024,East,1141,0.09961265,5.467204657
17-05-2024,West,1089,0.093731355,5.741073781
18-05-2024,North,1054,0.083489898,5.368063732
18-05-2024,South,1157,0.039306367,4.637397166
18-05-2024,East,992,0.11314204,4.582331312
18-05-2024,West,1176,0.085444735,4.942729589
19-05-2024,North,1151,0.077656179,4.556225522
19-05-2024,South,923,0.079558274,4.218495537
19-05-2024,East,951,0.097280256,4.897148576
19-05-2024,West,1183,0.076631606,5.603645739
20-05-2024,North,919,0.055465548,5.081422466
20-05-2024,South,966,0.066013931,5.414625399
20-05-2024,East,801,0.074200137,2.185285301
20-05-2024,West,1115,0.080860619,5.686857911
21-05-2024,North,902,0.100400972,7.02157188
21-05-2024,South,1099,0.12175492,4.573673185
21-05-2024,East,959,0.089003113,4.895641551
21-05-2024,West,937,0.114222813,5.76843107
22-05-2024,North,854,0.082830643,6.673526842
22-05-2024,South,1107,0.0906114,3.484595365
22-05-2024,East,970,0.054592759,6.154693767
22-05-2024,West,1084,0.090917982,4.825667919
23-05-2024,North,1001,0.114793305,5.085284069
23-05-2024,South,1186,0.085478263,2.3114747
23-05-2024,East,1028,0.102134208,2.725378969
23-05-2024,West,1168,0.089674444,3.866954495
24-05-2024,North,1075,0.054304077,4.984761953
24-05-2024,South,1130,0.057217005,5.614198551
24-05-2024,East,1016,0.059217777,6.687548055
24-05-2024,West,1000,0.057545145,4.33486501
25-05-2024,North,1154,0.086367459,5.288251578
25-05-2024,South,906,0.06232292,4.636086668
25-05-2024,East,934,0.070785028,4.939613908
25-05-2024,West,861,0.076237942,4.647315101
26-05-2024,North,802,0.125015502,6.147651417
26-05-2024,South,935,0.070859364,4.576201043
26-05-2024,East,953,0.103806727,6.037461104
26-05-2024,West,1117,0.077689171,6.269232907
27-05-2024,North,979,0.078644829,6.222583808
27-05-2024,South,933,0.084895007,4.58311472
27-05-2024,East,975,0.094383373,6.819771787
27-05-2024,West,1150,0.080696532,6.070121929
28-05-2024,North,1168,0.080042926,4.187424218
28-05-2024,South,1181,0.076159084,5.657717026
28-05-2024,East,1124,0.107998231,5.259326385
28-05-2024,West,1183,0.073502104,4.933438451
29-05-2024,North,911,0.069796322,3.090128427
29-05-2024,South,1125,0.083659889,4.165728657
29-05-2024,East,832,0.097234493,4.442984532
29-05-2024,West,946,0.151112343,5.247085187
30-05-2024,North,1055,0.10872859,4.296083675
30-05-2024,South,1161,0.084693528,4.634067789
30-05-2024,East,950,0.113731923,4.669830332
30-05-2024,West,906,0.087537694,3.958186632
31-05-2024,North,1151,0.119338339,4.960855973
31-05-2024,South,1039,0.057195806,5.042651886
31-05-2024,East,945,0.05322452,4.776140767
31-05-2024,West,836,0.06748168,4.021745062
01-06-2024,North,1031,0.111386789,4.290025776
01-06-2024,South,910,0.100572206,4.256140611
01-06-2024,East,914,0.065861604,6.271908781
01-06-2024,West,826,0.070866048,5.338993514
02-06-2024,North,1014,0.072891595,6.480906864
02-06-2024,South,1065,0.102994307,5.493169834
02-06-2024,East,927,0.086601356,6.419770554
02-06-2024,West,1124,0.070994932,4.243995981
03-06-2024,North,871,0.121727508,5.278912365
03-06-2024,South,1133,0.061435601,6.243428278
03-06-2024,East,847,0.071558562,5.036499932
03-06-2024,West,1125,0.080665717,5.978293969
04-06-2024,North,1156,0.070890659,5.244957093
04-06-2024,South,809,0.088525624,6.011485186
04-06-2024,East,803,0.072722124,6.215480594
04-06-2024,West,1027,0.129388148,3.903227057
05-06-2024,North,1134,0.102577831,6.464013597
05-06-2024,South,1125,0.074571899,4.536052031
05-06-2024,East,958,0.063693238,3.765056571
05-06-2024,West,1047,0.0680072,5.411952999
06-06-2024,North,1081,0.100878935,4.982258922
06-06-2024,South,1062,0.054110133,4.181662517
06-06-2024,East,1093,0.089077203,6.755612385
06-06-2024,West,1097,0.061690459,5.126459219
07-06-2024,North,1118,0.109001741,3.729768161
07-06-2024,South,826,0.093000382,3.601024911
07-06-2024,East,1071,0.056162506,6.943528881
07-06-2024,West,1018,0.07328329,5.358628579
08-06-2024,North,1006,0.100760251,5.764213203
08-06-2024,South,842,0.057490399,5.093569847
08-06-2024,East,1028,0.091244781,3.776432815
08-06-2024,West,916,0.113347704,5.770456191
09-06-2024,North,931,0.093830668,5.34896513
09-06-2024,South,936,0.087488824,5.90120678
09-06-2024,East,943,0.106746304,2.946615616
09-06-2024,West,903,0.075020527,5.314129496
10-06-2024,North,955,0.082420368,6.880534718
10-06-2024,South,986,0.084271224,4.796683466
10-06-2024,East,1097,0.105655899,5.078007418
10-06-2024,West,1093,0.076856955,5.073098077
11-06-2024,North,859,0.145527987,5.540024197
11-06-2024,South,1197,0.092572218,3.61054649
11-06-2024,East,975,0.099073806,5.348741119
11-06-2024,West,903,0.096324437,3.941431722
12-06-2024,North,909,0.069906106,5.127734553
12-06-2024,South,806,0.075461151,5.400000006
12-06-2024,East,937,0.06899224,4.793849852
12-06-2024,West,1053,0.064584252,6.434408045
13-06-2024,North,1048,0.084694606,6.565689617
13-06-2024,South,803,0.071433635,4.989534871
13-06-2024,East,1058,0.090272701,3.233401281
13-06-2024,West,880,0.074301905,4.432738285
14-06-2024,North,1155,0.080794276,3.577123092
14-06-2024,South,1144,0.075012101,5.112452153
14-06-2024,East,848,0.078365786,4.011262682
14-06-2024,West,1068,0.04972339,5.630875604
15-06-2024,North,1157,0.090388608,3.716136118
15-06-2024,South,831,0.091323739,4.876007026
15-06-2024,East,1115,0.09552457,4.516066555
15-06-2024,West,1113,0.078238086,4.828804591
16-06-2024,North,856,0.090215571,3.409338798
16-06-2024,South,1139,0.063576806,5.537517127
16-06-2024,East,990,0.067664493,3.652004216
16-06-2024,West,1139,0.080715542,4.828480889
17-06-2024,North,959,0.060662369,6.181563137
17-06-2024,South,979,0.085445342,5.205609312
17-06-2024,East,1013,0.073539153,4.632762999
17-06-2024,West,1052,0.066215919,3.597804014
18-06-2024,North,820,0.084430904,4.419199907
18-06-2024,South,835,0.078093178,6.730321815
18-06-2024,East,931,0.097578723,4.016048741
18-06-2024,West,1100,0.080531439,5.893592041
19-06-2024,North,822,0.102885263,4.068929424
19-06-2024,South,1103,0.075490132,5.295511692
19-06-2024,East,1029,0.114612027,6.116462176
19-06-2024,West,1062,0.072794463,5.622531344
20-06-2024,North,1100,0.102055174,6.217371624
20-06-2024,South,1065,0.125409891,5.053831552
20-06-2024,East,1075,0.077526136,4.627257756
20-06-2024,West,805,0.085260809,6.21543277
21-06-2024,North,1094,0.125588335,4.304510711
21-06-2024,South,1050,0.087961243,6.652749704
21-06-2024,East,811,0.092593403,5.063596283
21-06-2024,West,1198,0.084109114,4.224393395
22-06-2024,North,901,0.066870647,5.1310552
22-06-2024,South,970,0.063962756,5.061086173
22-06-2024,East,1182,0.069627967,5.594675592
22-06-2024,West,883,0.115658112,4.752659613
23-06-2024,North,915,0.099707994,3.41415436
23-06-2024,South,1158,0.069489393,5.810628811
23-06-2024,East,1017,0.099550904,4.901663658
23-06-2024,West,955,0.070749049,3.936722719
24-06-2024,North,1089,0.100318744,4.596620254
24-06-2024,South,1088,0.120534794,4.107058032
24-06-2024,East,1054,0.066185841,5.165195341
24-06-2024,West,1020,0.069420032,3.924263352
25-06-2024,North,1174,0.069561973,5.439058291
25-06-2024,South,987,0.079340194,4.482637011
25-06-2024,East,1095,0.085826505,4.425762625
25-06-2024,West,945,0.088719855,4.808464677
26-06-2024,North,804,0.118576879,5.046528466
26-06-2024,South,1140,0.049644018,5.496584191
26-06-2024,East,1149,0.049488566,3.845836615
26-06-2024,West,1088,0.103654387,4.790548052
27-06-2024,North,992,0.072810024,6.193103673
27-06-2024,South,810,0.071781694,4.518304951
27-06-2024,East,971,0.049346321,3.871409327
27-06-2024,West,945,0.070378161,4.335262464
28-06-2024,North,1026,0.065501919,4.104454115
28-06-2024,South,933,0.074815522,3.860794828
28-06-2024,East,859,0.072831928,3.775000111
28-06-2024,West,1077,0.094133474,6.181461246
29-06-2024,North,865,0.087570043,4.410609405
29-06-2024,South,1136,0.064181719,5.474182981
29-06-2024,East,1085,0.03694173,4.969213498
29-06-2024,West,1175,0.109578619,5.102714975
30-06-2024,North,917,0.082494138,4.629936715
30-06-2024,South,1188,0.067656417,4.544953379
30-06-2024,East,807,0.059215597,5.817981544
30-06-2024,West,1083,0.089077627,4.951414197
01-07-2024,North,1136,0.029238929,4.022435932
01-07-2024,South,1081,0.033070044,3.607947567
01-07-2024,East,1076,0.045318039,1.218902846
01-07-2024,West,920,0.036521572,4.433834489
02-07-2024,North,962,0.043567818,4.337177166
02-07-2024,South,1136,0.047422452,2.490906195
02-07-2024,East,1074,0.059501143,3.866214758
02-07-2024,West,865,0.025128298,3.958531961
03-07-2024,North,866,0.075293138,3.429836151
03-07-2024,South,1079,0.0614783,1.951306123
03-07-2024,East,971,0.024963141,3.029094673
03-07-2024,West,1174,0.053255932,4.49503031
04-07-2024,North,1062,0.056899334,1.034848253
04-07-2024,South,1152,0.040113888,2.333371384
04-07-2024,East,809,0.059537252,3.225103659
04-07-2024,West,974,0.072034757,3.491993487
05-07-2024,North,820,0.069888001,2.732485162
05-07-2024,South,1186,0.064239149,2.030948948
05-07-2024,East,892,0.060343811,5.665287828
05-07-2024,West,882,0.02804778,2.638371891
06-07-2024,North,820,0.028222599,2.772646121
06-07-2024,South,907,0.050263605,2.231281739
06-07-2024,East,849,0.073797523,2.064344458
06-07-2024,West,931,0.068906235,2.447430654
07-07-2024,North,812,0.049111141,3.545850498
07-07-2024,South,1023,0.032507204,1.488945966
07-07-2024,East,889,0.038856111,2.678736331
07-07-2024,West,994,0.071671662,2.666539307
08-07-2024,North,1012,0.052866582,2.895043035
08-07-2024,South,963,0.045241593,2.075013561
08-07-2024,East,1190,0.063986008,2.075767985
08-07-2024,West,1194,0.050092656,3.882026541
09-07-2024,North,845,0.026986328,2.999927148
09-07-2024,South,885,0.041567828,3.625970475
09-07-2024,East,903,0.048603504,1.82595754
09-07-2024,West,805,0.035974209,2.124185175
10-07-2024,North,1155,0.07443636,3.538388389
10-07-2024,South,1036,0.085954677,2.683664455
10-07-2024,East,1060,0.035779265,2.495085158
10-07-2024,West,1051,0.040002551,3.543032279
11-07-2024,North,1061,0.047510932,1.917335498
11-07-2024,South,874,0.045957968,4.652748956
11-07-2024,East,1028,0.062367211,4.455600479
11-07-2024,West,1014,0.09729467,3.195057785
12-07-2024,North,1186,0.027371888,3.887382364
12-07-2024,South,1097,0.076571855,1.823362814
12-07-2024,East,1182,0.034764793,2.700303943
12-07-2024,West,1026,0.05768084,4.427623037
13-07-2024,North,1157,0.031883596,2.188446457
13-07-2024,South,1056,0.053919745,2.398018398
13-07-2024,East,1000,0.075199705,3.851899438
13-07-2024,West,1130,0.061543866,1.770982063
14-07-2024,North,933,0.033626132,3.897786912
14-07-2024,South,871,0.035718698,4.178419318
14-07-2024,East,1112,0.061283756,2.02046789
14-07-2024,West,1126,0.094027814,0.937821895
15-07-2024,North,902,0.048238557,2.543478238
15-07-2024,South,1155,0.024288018,1.384153529
15-07-2024,East,1113,0.037568091,2.905114244
15-07-2024,West,849,0.045412486,3.149867091
16-07-2024,North,826,0.051762705,2.858854987
16-07-2024,South,1121,0.049710423,2.438164365
16-07-2024,East,883,0.065073878,3.129493653
16-07-2024,West,1048,0.033211352,2.602238109
17-07-2024,North,1120,0.037375177,3.599450686
17-07-2024,South,931,0.012013657,2.672076893
17-07-2024,East,1080,0.063620792,3.826109837
17-07-2024,West,1033,0.045423454,3.044299661
18-07-2024,North,856,0.066200545,2.275138916
18-07-2024,South,905,0.056507776,3.464099201
18-07-2024,East,952,0.006833162,2.369421838
18-07-2024,West,1027,0.076325351,3.883114552
19-07-2024,North,1181,0.053980537,2.990104504
19-07-2024,South,956,0.047569606,4.458681337
19-07-2024,East,971,0.016767953,1.750327185
19-07-2024,West,1185,0.067826878,2.795644273
20-07-2024,North,992,0.065176194,3.1888397
20-07-2024,South,899,0.066418458,2.088490031
20-07-2024,East,831,0.07427274,2.657472962
20-07-2024,West,862,0.04544458,2.059984068
21-07-2024,North,880,0.054304609,2.273181053
21-07-2024,South,984,0.09436534,3.05735127
21-07-2024,East,1141,0.084278516,3.200261872
21-07-2024,West,845,0.048843268,4.127788027
22-07-2024,North,1197,0.008084934,2.786775881
22-07-2024,South,918,0.053875292,2.808442842
22-07-2024,East,1061,0.062136597,3.962316579
22-07-2024,West,836,0.023190227,2.680173722
23-07-2024,North,1132,0.069351185,2.236345347
23-07-2024,South,817,0.062520272,4.6649907
23-07-2024,East,993,0.04946626,1.278995689
23-07-2024,West,1019,0.078407597,2.177664529
24-07-2024,North,993,0.075047988,3.289805742
24-07-2024,South,901,0.061541444,2.82197671
24-07-2024,East,1095,0.032738919,4.420985354
24-07-2024,West,830,0.039544501,3.502797295
25-07-2024,North,886,0.037335117,2.398705717
25-07-2024,South,1073,0.06261855,3.766808385
25-07-2024,East,979,0.055861022,2.462025122
25-07-2024,West,1192,0.059415809,2.636380443
26-07-2024,North,963,0.034545424,0.494696269
26-07-2024,South,875,0.066381099,3.114580617
26-07-2024,East,1049,0.054690045,3.737119294
26-07-2024,West,1117,0.030002094,5.193602616
27-07-2024,North,877,0.044480971,2.638276164
27-07-2024,South,814,0.016382098,2.500160403
27-07-2024,East,912,0.081859282,4.465210503
27-07-2024,West,985,0.058749925,1.527430013
28-07-2024,North,1153,0.04560608,2.680023471
28-07-2024,South,950,0.047440981,3.508669767
28-07-2024,East,1017,0.090048549,2.692428583
28-07-2024,West,838,0.060564576,3.966315887
29-07-2024,North,1195,0.024722383,3.968025076
29-07-2024,South,1134,0.02869918,2.78830041
29-07-2024,East,833,0,3.544582401
29-07-2024,West,910,0.051102362,3.779705525
30-07-2024,North,1081,0.036266816,2.488414795
30-07-2024,South,1011,0.073069871,2.061977093
30-07-2024,East,1096,0.059570606,1.555102677
30-07-2024,West,933,0.076801685,2.224111555
31-07-2024,North,1169,0.055944685,2.535176645
31-07-2024,South,1124,0.065654303,1.116637905
31-07-2024,East,858,0.023598456,2.761247398
31-07-2024,West,834,0.019707682,1.443976419
01-08-2024,North,1182,0.02168458,4.301015663
01-08-2024,South,1139,0.035821074,4.91631882
01-08-2024,East,946,0.023349402,3.514989824
01-08-2024,West,974,0.045848313,4.321316203
02-08-2024,North,1149,0.049558964,3.661597963
02-08-2024,South,1179,0.045179767,3.22900598
02-08-2024,East,1105,0.018493934,2.592953457
02-08-2024,West,1094,0.020242766,1.874813898
03-08-2024,North,836,0.053666351,3.302511709
03-08-2024,South,882,0.075102108,3.686709204
03-08-2024,East,847,0.065635433,4.010190612
03-08-2024,West,1101,0.050802382,0.908135905
04-08-2024,North,1194,0.079513389,0.96170347
04-08-2024,South,1044,0.044507125,2.542781461
04-08-2024,East,935,0.052782043,3.662633798
04-08-2024,West,1174,0.036217764,3.467690104
05-08-2024,North,1160,0.061761692,1.363352538
05-08-2024,South,1040,0.051378841,3.281986752
05-08-2024,East,1055,0.024868693,4.289203051
05-08-2024,West,906,0.071171777,2.259725709
06-08-2024,North,1036,0.042313495,2.498148411
06-08-2024,South,1145,0.03866874,5.272181453
06-08-2024,East,1101,0.046507041,4.360168131
06-08-2024,West,932,0.071483484,0
07-08-2024,North,963,0,1.821330764
07-08-2024,South,1039,0.084722319,3.281445056
07-08-2024,East,982,0.021121489,3.444853538
07-08-2024,West,1006,0.018284453,2.708253299
08-08-2024,North,1068,0.058812145,3.267663863
08-08-2024,South,946,0.044953019,2.360211109
08-08-2024,East,1042,0.032789069,2.346322946
08-08-2024,West,1082,0.01861916,3.510210148
09-08-2024,North,1057,0.077040787,5.099407521
09-08-2024,South,823,0.039704166,2.996725621
09-08-2024,East,1005,0.050698249,2.857121777
09-08-2024,West,1075,0.034397122,3.73526931
10-08-2024,North,1095,0.028506473,1.673984588
10-08-2024,South,1163,0.055903861,3.312387243
10-08-2024,East,896,0.01854725,2.438419385
10-08-2024,West,848,0.054821638,1.27132104
11-08-2024,North,822,0.053669462,3.044802456
11-08-2024,South,1112,0.048210132,1.523066066
11-08-2024,East,822,0.009741839,3.132817533
11-08-2024,West,1088,0.097051702,1.425670746
12-08-2024,North,1021,0.048542846,4.889278796
12-08-2024,South,877,0.066141829,1.818020592
12-08-2024,East,1055,0.03402921,3.221567528
12-08-2024,West,826,0.032579747,4.94999558
13-08-2024,North,1009,0.06221022,1.68158186
13-08-2024,South,1155,0.049235516,1.937621033
13-08-2024,East,1143,0.067368886,4.927812997
13-08-2024,West,1143,0.027898205,1.996307237
14-08-2024,North,935,0.046552501,3.714731728
14-08-2024,South,1148,0.048611538,4.213239838
14-08-2024,East,1094,0.033972175,2.052796989
14-08-2024,West,851,0.111511711,2.201349274
15-08-2024,North,1199,0.035341479,2.259767747
15-08-2024,South,1000,0.053959322,4.234879017
15-08-2024,East,939,0.060881726,0.441719473
15-08-2024,West,1047,0.045607958,1.991870043
16-08-2024,North,1184,0.070970205,2.84701263
16-08-2024,South,824,0.027161164,3.059905257
16-08-2024,East,997,0.071653349,2.77286222
16-08-2024,West,814,0.041701674,4.501952965
17-08-2024,North,903,0.014093869,0.983062078
17-08-2024,South,838,0.017327967,3.25256749
17-08-2024,East,1173,0.048324338,5.254038109
17-08-2024,West,1106,0.024218562,2.681665945
18-08-2024,North,1167,0.090064139,3.222822634
18-08-2024,South,1103,0.083191436,2.733796598
18-08-2024,East,884,0.02648173,3.770501018
18-08-2024,West,1105,0.024137555,3.083872502
19-08-2024,North,1171,0.045329309,4.129497342
19-08-2024,South,1043,0.062269439,2.37320775
19-08-2024,East,1030,0.046628873,4.75730964
19-08-2024,West,848,0.034418952,2.655184869
20-08-2024,North,1121,0.05043988,4.913145056
20-08-2024,South,1139,0.032371326,3.090309799
20-08-2024,East,822,0.030880039,2.207137893
20-08-2024,West,972,0.056665874,3.936396285
21-08-2024,North,801,0.068950238,3.674694978
21-08-2024,South,1120,0.051815818,1.282042686
21-08-2024,East,1092,0.085329005,4.066231528
21-08-2024,West,1026,0.057181102,4.334229194
22-08-2024,North,882,0.030730705,1.179002547
22-08-2024,South,1080,0.057060124,1.273765216
22-08-2024,East,1099,0.074745001,2.105141251
22-08-2024,West,958,0.057511098,2.443957933
23-08-2024,North,954,0.028991247,3.846118469
23-08-2024,South,1044,0.026771028,3.730508285
23-08-2024,East,1077,0.039284134,2.410437796
23-08-2024,West,880,0.073070057,4.162573668
24-08-2024,North,844,0.049262221,2.41570497
24-08-2024,South,904,0.046893971,2.504115684
24-08-2024,East,893,0.026851684,1.019163529
24-08-2024,West,932,0.038269424,2.995870758
25-08-2024,North,915,0.0524768,2.461030833
25-08-2024,South,1147,0.082534287,2.71147639
25-08-2024,East,876,0.040947295,3.172336006
25-08-2024,West,933,0.053914721,3.973370536
26-08-2024,North,852,0.041501284,2.868241812
26-08-2024,South,1062,0.065888059,3.618959207
26-08-2024,East,1085,0.05936304,3.257237751
26-08-2024,West,1150,0.044539865,3.585021332
27-08-2024,North,1195,0.060412455,2.744605023
27-08-2024,South,847,0.052005794,2.786044571
27-08-2024,East,1162,0.081322081,0.91276259
27-08-2024,West,1044,0.03182995,3.604107455
28-08-2024,North,853,0.037266025,3.777155874
28-08-2024,South,1135,0.040115969,1.518011459
28-08-2024,East,1176,0.071690011,2.974811316
28-08-2024,West,1115,0.033460388,3.160894204
29-08-2024,North,1185,0.035681001,3.942075941
29-08-2024,South,1085,0.053641965,1.964038071
29-08-2024,East,893,0.075317209,2.828942492
29-08-2024,West,897,0.043413753,3.450757627
30-08-2024,North,871,0.014637379,5.99281057
30-08-2024,South,867,0.037066117,2.102755885
30-08-2024,East,967,0.010634587,2.680449358
30-08-2024,West,1124,0.039131591,4.263855939
31-08-2024,North,1093,0.059627757,2.315759167
31-08-2024,South,919,0.018988354,1.931171769
31-08-2024,East,1193,0.040584898,4.121188143
31-08-2024,West,1093,0.044733039,3.216066034
01-09-2024,North,1054,0.050146992,3.920815866
01-09-2024,South,1070,0.055047377,1.982950547
01-09-2024,East,898,0.051077947,1.673737838
01-09-2024,West,953,0.05816601,3.916670476
02-09-2024,North,1013,0.043725426,2.740347592
02-09-2024,South,1140,0.062967299,1.213113965
02-09-2024,East,1046,0.052153989,3.998217656
02-09-2024,West,948,0.03722996,3.064538063
03-09-2024,North,873,0.030030633,1.33358081
03-09-2024,South,951,0.021154004,3.853587978
03-09-2024,East,837,0.034742891,2.505171395
03-09-2024,West,1040,0.062245396,1.440564221
04-09-2024,North,839,0.05805289,2.525648105
04-09-2024,South,819,0.031631024,2.386397236
04-09-2024,East,844,0.039867303,3.239872752
04-09-2024,West,1006,0.060897501,5.142850124
05-09-2024,North,1158,0.093344919,1.88933673
05-09-2024,South,1149,0.036831079,2.06292572
05-09-2024,East,1020,0.068420517,2.520281103
05-09-2024,West,913,0.020549185,2.105006655
06-09-2024,North,922,0.054581895,2.326052338
06-09-2024,South,1066,0.036020461,4.46557829
06-09-2024,East,825,0.00910742,2.42101578
06-09-2024,West,1199,0.053634838,3.634661944
07-09-2024,North,1061,0.034962449,4.536534156
07-09-2024,South,919,0.062707628,2.639457208
07-09-2024,East,1065,0.046522524,4.338592138
07-09-2024,West,1132,0.055034246,1.903539912
08-09-2024,North,936,0.02550556,0.634877547
08-09-2024,South,1156,0.041813188,1.943888431
08-09-2024,East,910,0.048212667,2.374149467
08-09-2024,West,974,0.059595894,3.894608699
09-09-2024,North,1106,0.067509873,2.918435241
09-09-2024,South,1173,0.049632876,2.352182699
09-09-2024,East,1048,0.066729683,1.932277423
09-09-2024,West,956,0.034347536,2.840158078
10-09-2024,North,1168,0.053428196,3.587097926
10-09-2024,South,953,0.05874984,4.296255709
10-09-2024,East,802,0.027522432,3.37804626
10-09-2024,West,1055,0.04501287,4.646365581
11-09-2024,North,1078,0.070540917,2.369179006
11-09-2024,South,1015,0.062382082,3.355541513
11-09-2024,East,1172,0.029918407,3.944385223
11-09-2024,West,1110,0.0408217,3.424536832
12-09-2024,North,872,0.036523512,4.111587313
12-09-2024,South,868,0.066098668,5.190417001
12-09-2024,East,972,0.056122624,4.843925743
12-09-2024,West,933,0.052319633,2.867402327
13-09-2024,North,898,0.035568618,3.138856032
13-09-2024,South,829,0.052569021,2.408695361
13-09-2024,East,820,0.037176701,2.734935003
13-09-2024,West,1174,0.030711075,2.948882737
14-09-2024,North,1002,0.027758504,1.828515911
14-09-2024,South,1054,0.033494161,2.507081725
14-09-2024,East,1165,0.078866,1.130072705
14-09-2024,West,1018,0.038055227,3.209143501
15-09-2024,North,826,0.012728879,3.788117433
15-09-2024,South,1026,0.052727306,3.005800119
15-09-2024,East,1192,0.005303552,3.907847752
15-09-2024,West,1077,0.085233502,4.223606883
16-09-2024,North,941,0.02263274,2.821633575
16-09-2024,South,1076,0.042443331,1.298820483
16-09-2024,East,1019,0.043234867,4.214508012
16-09-2024,West,870,0.044841206,5.008733423
17-09-2024,North,1099,0.042471549,3.31606787
17-09-2024,South,1061,0.090466495,4.362615621
17-09-2024,East,985,0.06224165,2.581464267
17-09-2024,West,1013,0.093868991,3.955703971
18-09-2024,North,1057,0.051890997,2.343083353
18-09-2024,South,1192,0.063104673,3.256997446
18-09-2024,East,831,0.061784003,1.842368319
18-09-2024,West,1133,0.06486946,3.316125816
19-09-2024,North,818,0.042279544,2.084244959
19-09-2024,South,906,0.041306126,4.272915235
19-09-2024,East,827,0.040731649,1.934843986
19-09-2024,West,966,0.053534147,2.055783286
20-09-2024,North,1011,0.052035767,3.306347534
20-09-2024,South,1141,0.020844172,3.125961415
20-09-2024,East,1009,0.087259918,4.256613603
20-09-2024,West,900,0.071576755,1.843487797
21-09-2024,North,1043,0.048653887,3.551652269
21-09-2024,South,954,0.069023998,3.780976604
21-09-2024,East,842,0.068505638,3.168651368
21-09-2024,West,999,0.053925319,1.324050685
22-09-2024,North,1141,0.058865819,3.182106032
22-09-2024,South,922,0.063627083,2.686903339
22-09-2024,East,1051,0.062506367,2.830725562
22-09-2024,West,1107,0.015226187,3.315888737
23-09-2024,North,1180,0.026871767,5.541341032
23-09-2024,South,809,0.051903865,4.756970936
23-09-2024,East,911,0.028843268,3.260766817
23-09-2024,West,975,0.045893165,2.884996827
24-09-2024,North,885,0.037211879,2.383167399
24-09-2024,South,883,0.0644963,2.191533827
24-09-2024,East,891,0.05574545,3.943715506
24-09-2024,West,1095,0.045917817,1.179447118
25-09-2024,North,858,0.03119425,2.612433867
25-09-2024,South,1040,0.014411221,2.466995918
25-09-2024,East,861,0.061035859,2.56409879
25-09-2024,West,1015,0.066289335,2.072489815
26-09-2024,North,1161,0.043361496,2.551918376
26-09-2024,South,1103,0.053152691,3.194955092
26-09-2024,East,1067,0.046492335,2.904717495
26-09-2024,West,861,0.085395815,4.248468039
27-09-2024,North,961,0.04069144,3.261125337
27-09-2024,South,1146,0.038340115,3.400289497
27-09-2024,East,1144,0.032285724,2.375165382
27-09-2024,West,1038,0.059662584,2.85576204
28-09-2024,North,1049,0.051053649,1.426502876
28-09-2024,South,873,0.063834374,2.542825853
28-09-2024,East,839,0.057750857,3.019702763
28-09-2024,West,870,0.069772176,2.618862303
29-09-2024,North,1179,0.05708149,2.579339406
29-09-2024,South,1068,0.048486579,4.537551319
29-09-2024,East,816,0.040671372,2.575073164
29-09-2024,West,1139,0.054571272,2.385218926
30-09-2024,North,997,0.043564946,2.967518964
30-09-2024,South,841,0.072774361,5.093395725
30-09-2024,East,956,0.069504248,2.169035124
30-09-2024,West,1081,0.061422825,2.276513378
01-10-2024,North,852,0.032474653,3.847801024
01-10-2024,South,1179,0.073925951,4.786755449
01-10-2024,East,1176,0.049991012,3.052631228
01-10-2024,West,1188,0.022551805,2.694367558
02-10-2024,North,1149,0.067696913,1.78815865
02-10-2024,South,988,0.065583752,3.659340995
02-10-2024,East,845,0.050061202,3.584622952
02-10-2024,West,930,0.028586149,1.597132207
03-10-2024,North,1097,0.024277861,3.636934229
03-10-2024,South,858,0.03145254,4.288433623
03-10-2024,East,1118,0.010331434,1.92489811
03-10-2024,West,967,0.046857975,2.822372962
04-10-2024,North,1120,0.026585124,3.810818724
04-10-2024,South,1115,0.043521823,3.211879179
04-10-2024,East,869,0.063246113,3.03804381
04-10-2024,West,966,0.039687653,3.186676924
05-10-2024,North,1042,0.075581677,2.409495851
05-10-2024,South,993,0.035970119,4.085409589
05-10-2024,East,1080,0.062770866,4.69762378
05-10-2024,West,1022,0.030911538,3.640888325
06-10-2024,North,1075,0.032943612,3.388658522
06-10-2024,South,1106,0.051215707,4.926285855
06-10-2024,East,968,0.018927059,3.139041477
06-10-2024,West,1198,0.023419847,2.257671987
07-10-2024,North,815,0.051512536,3.470598914
07-10-2024,South,1197,0.077615059,2.483215905
07-10-2024,East,1127,0.048121929,4.16300097
07-10-2024,West,921,0.104132366,4.227705383
08-10-2024,North,1013,0.055339552,4.085177848
08-10-2024,South,1105,0.048819683,4.851340119
08-10-2024,East,813,0.074609201,3.527480833
08-10-2024,West,991,0.038452565,2.689102318
09-10-2024,North,1173,0.054997751,2.70913483
09-10-2024,South,1077,0.047102665,3.405824087
09-10-2024,East,816,0.07577797,2.725134437
09-10-2024,West,1009,0.004884173,3.431009692
10-10-2024,North,857,0.032535304,3.828965609
10-10-2024,South,908,0.031444634,3.101562424
10-10-2024,East,931,0.047529675,2.194189708
10-10-2024,West,1093,0.056826885,5.505265245
11-10-2024,North,971,0.064354209,4.268135493
11-10-2024,South,1024,0.041274739,4.048116759
11-10-2024,East,1035,0.04184546,2.688779102
11-10-2024,West,1112,0.061932958,4.066894619
12-10-2024,North,1097,0.062265311,4.137776781
12-10-2024,South,1059,0.035188724,0.505645999
12-10-2024,East,1159,0.044700427,1.722950365
12-10-2024,West,987,0.054374365,2.833185259
13-10-2024,North,914,0.099271139,2.891093505
13-10-2024,South,941,0.059529149,2.964717779
13-10-2024,East,829,0.034199658,3.69281521
13-10-2024,West,834,0.034877187,2.163619176
14-10-2024,North,854,0.063921185,1.327897229
14-10-2024,South,927,0.023444027,2.711467099
14-10-2024,East,1140,0.071287719,3.271600368
14-10-2024,West,835,0.050983959,2.80704601
15-10-2024,North,1165,0.052243715,2.957573294
15-10-2024,South,1130,0.075493677,1.864364095
15-10-2024,East,1105,0.064348282,2.737777305
15-10-2024,West,1034,0.035597148,3.707017503
16-10-2024,North,891,0.073594952,2.671204582
16-10-2024,South,993,0.055043897,1.029691419
16-10-2024,East,1075,0.027442018,2.581406392
16-10-2024,West,977,0.086800732,3.8985495
17-10-2024,North,1129,0.043723947,1.980113199
17-10-2024,South,895,0.043071034,3.726506064
17-10-2024,East,1133,0.085565385,3.640124876
17-10-2024,West,936,0.014267939,3.546599759
18-10-2024,North,1049,0.03035961,2.313267604
18-10-2024,South,1059,0.05404996,1.952172296
18-10-2024,East,868,0.031536516,3.536646578
18-10-2024,West,1048,0.043153903,3.902091312
19-10-2024,North,1170,0.028864287,3.864571972
19-10-2024,South,933,0.065581529,3.164401746
19-10-2024,East,1136,0.016254418,3.831211103
19-10-2024,West,958,0.027461293,3.140427196
20-10-2024,North,886,0.057259386,3.777082258
20-10-2024,South,952,0.046051616,2.689474244
20-10-2024,East,1141,0.060210708,3.201738655
20-10-2024,West,1065,0.052861146,2.6122906
21-10-2024,North,912,0,1.856112715
21-10-2024,South,929,0.047580762,4.216357618
21-10-2024,East,896,0.081840498,2.412262031
21-10-2024,West,1132,0.052797868,3.573976701
22-10-2024,North,971,0.084886222,3.663597869
22-10-2024,South,1118,0.01175256,2.60647047
22-10-2024,East,964,0.021859029,1.293936919
22-10-2024,West,1063,0.065253473,3.817857878
23-10-2024,North,1151,0.072154422,3.566602148
23-10-2024,South,1182,0.026798341,5.186542505
23-10-2024,East,804,0.033281656,2.727539018
23-10-2024,West,870,0.052360319,0.900428357
24-10-2024,North,1018,0.008974806,3.748346827
24-10-2024,South,882,0.048739243,3.519166751
24-10-2024,East,814,0.001473649,3.822432312
24-10-2024,West,1064,0.033598174,3.70490286
25-10-2024,North,1196,0.056381367,0.087865621
25-10-2024,South,1045,0.066239912,2.783489382
25-10-2024,East,818,0.091024939,2.306195582
25-10-2024,West,1190,0.04281734,0.955443747
26-10-2024,North,1106,0.052000375,3.517440658
26-10-2024,South,868,0.062381663,2.624491019
26-10-2024,East,805,0.05491068,2.923106295
26-10-2024,West,1006,0.085287226,1.814137541
27-10-2024,North,1129,0.050931592,3.952921064
27-10-2024,South,1178,0.087149544,1.226280875
27-10-2024,East,812,0.042451357,4.231748491
27-10-2024,West,1199,0.04249782,4.568518985
28-10-2024,North,1155,0.047497785,3.433613795
28-10-2024,South,820,0.065519551,3.514476071
28-10-2024,East,875,0.073144891,2.8285044
28-10-2024,West,1141,0.057957719,3.600928847
29-10-2024,North,989,0.046848669,3.589328047
29-10-2024,South,1057,0.0661234,1.775473407
29-10-2024,East,1151,0.042714198,5.025091083
29-10-2024,West,971,0.041535694,3.391056908
30-10-2024,North,1098,0.026827935,1.184351024
30-10-2024,South,1103,0.027085844,3.432548685
30-10-2024,East,1041,0.075123949,4.187713384
30-10-2024,West,975,0.067484956,3.17269665
31-10-2024,North,1151,0.006111922,2.978266507
31-10-2024,South,941,0.032662308,2.97031121
31-10-2024,East,1070,0.024900813,3.531036832
31-10-2024,West,1131,0.057203826,3.15823087
01-11-2024,North,1043,0.021557563,2.174418958
01-11-2024,South,943,0.044632624,3.081291425
01-11-2024,East,1045,0.019112036,1.958892877
01-11-2024,West,1010,0.055303278,2.35100148
02-11-2024,North,885,0.072246825,3.845142105
02-11-2024,South,907,0.039295029,2.818330439
02-11-2024,East,1191,0.04234365,2.393916168
02-11-2024,West,1027,0.066676954,3.704118788
03-11-2024,North,823,0.080188981,1.435023628
03-11-2024,South,885,0.017910855,2.588877827
03-11-2024,East,1148,0.048595528,2.712890495
03-11-2024,West,1195,0.069379013,4.2651555
04-11-2024,North,991,0.040010976,3.66908521
04-11-2024,South,1072,0.047996055,2.382188084
04-11-2024,East,1181,0.03561711,2.90279633
04-11-2024,West,1105,0.049691749,2.045431885
05-11-2024,North,955,0.017935663,1.185116171
05-11-2024,South,972,0.024696099,4.627116562
05-11-2024,East,890,0.032281426,3.24955643
05-11-2024,West,1100,0.050891043,1.633885919
06-11-2024,North,1183,0.047902007,4.052201908
06-11-2024,South,1061,0.05926603,2.666952379
06-11-2024,East,827,0.075808603,1.799386821
06-11-2024,West,1004,0.047108226,4.541972348
07-11-2024,North,989,0.07133604,1.288544402
07-11-2024,South,1002,0.06103186,3.302676893
07-11-2024,East,1047,0.01126513,4.01514384
07-11-2024,West,1048,0.041438476,2.90797546
08-11-2024,North,807,0.067574686,1.455726679
08-11-2024,South,1134,0.023371774,3.427754085
08-11-2024,East,876,0.036326286,2.540102157
08-11-2024,West,921,0.064644884,4.172010741
09-11-2024,North,1046,0.041523329,2.234388843
09-11-2024,South,1174,0.058983331,2.184499237
09-11-2024,East,895,0.035244895,1.049587798
09-11-2024,West,1141,0.054953441,2.83203963
10-11-2024,North,865,0.083666292,3.392768363
10-11-2024,South,950,0.033072622,1.923599833
10-11-2024,East,936,0.057564243,2.152730723
10-11-2024,West,864,0.033719258,2.676731226
11-11-2024,North,1155,0.029913243,3.126824685
11-11-2024,South,991,0.030336826,1.953190927
11-11-2024,East,848,0.05874849,2.249452811
11-11-2024,West,948,0.0626619,3.809007637
12-11-2024,North,1156,0.062537541,2.951234348
12-11-2024,South,903,0.060069616,3.736654027
12-11-2024,East,1107,0.00819763,2.34545046
12-11-2024,West,880,0.060168022,3.383699054
13-11-2024,North,830,0.047093012,3.347397486
13-11-2024,South,858,0.03498638,3.514377137
13-11-2024,East,977,0.025714498,2.86919878
13-11-2024,West,817,0.044355188,4.05077429
14-11-2024,North,1065,0.042030367,1.875059978
14-11-2024,South,811,0.049382985,4.425125187
14-11-2024,East,1082,0.055135665,2.771527456
14-11-2024,West,992,0.084191211,1.932667777
15-11-2024,North,1014,0.060673905,4.492952623
15-11-2024,South,1046,0.062123466,2.261402418
15-11-2024,East,898,0.038744061,4.604527928
15-11-2024,West,916,0.042670535,2.529302958
16-11-2024,North,1093,0.047857407,2.291791002
16-11-2024,South,1019,0.048025582,3.826422324
16-11-2024,East,845,0.057076204,3.651409862
16-11-2024,West,881,0.043336913,1.656773352
17-11-2024,North,1072,0.046537854,2.957064806
17-11-2024,South,857,0.046907006,1.186706528
17-11-2024,East,1027,0.023742135,5.021153918
17-11-2024,West,1086,0.047404556,2.975289135
18-11-2024,North,894,0.049497423,3.224600467
18-11-2024,South,822,0.066711656,2.219934047
18-11-2024,East,930,0.042476822,1.310582011
18-11-2024,West,839,0.046891551,1.844292425
19-11-2024,North,817,0.057632189,4.024146373
19-11-2024,South,1030,0.053965921,5.687976244
19-11-2024,East,809,0.045721471,2.023054261
19-11-2024,West,823,0.060606324,3.975556972
20-11-2024,North,908,0.059364752,2.785856128
20-11-2024,South,1162,0.017838013,3.727019307
20-11-2024,East,1058,0.029287919,3.881058892
20-11-2024,West,1101,0.086702864,2.493726733
21-11-2024,North,1084,0.034386912,2.73647908
21-11-2024,South,1050,0.049759519,2.760444141
21-11-2024,East,1115,0.070751741,2.427515194
21-11-2024,West,1036,0.076603145,2.850866169
22-11-2024,North,1045,0.046340851,3.959588688
22-11-2024,South,1173,0.036187829,3.968745109
22-11-2024,East,1188,0.043969474,1.515560932
22-11-2024,West,1117,0.085787199,3.472213477
23-11-2024,North,998,0.0443438,2.949934642
23-11-2024,South,1084,0.031659664,2.040723242
23-11-2024,East,1192,0.05340224,2.964821911
23-11-2024,West,867,0.024608014,2.360561219
24-11-2024,North,1025,0.027645397,3.190634942
24-11-2024,South,966,0.054239161,2.301779679
24-11-2024,East,936,0.056303364,2.838780149
24-11-2024,West,916,0.058012833,2.211923746
25-11-2024,North,879,0.043830944,4.092999502
25-11-2024,South,915,0.085022712,2.422597808
25-11-2024,East,1171,0.053173558,2.969805692
25-11-2024,West,955,0.068459551,2.479369393
26-11-2024,North,1070,0.018609185,2.455586015
26-11-2024,South,916,0.026080913,3.274475802
26-11-2024,East,1025,0.028686346,1.316267432
26-11-2024,West,972,0.051583644,3.157442307
27-11-2024,North,956,0.036401275,1.335790727
27-11-2024,South,911,0.04245119,2.099838766
27-11-2024,East,829,0.047377773,2.422465736
27-11-2024,West,877,0.087338619,2.607692971
28-11-2024,North,1162,0.053253439,0.96649933
28-11-2024,South,1102,0.074328948,3.155511604
28-11-2024,East,973,0.049662593,3.655211466
28-11-2024,West,1050,0.043819434,2.888808565
29-11-2024,North,801,0.046148318,3.599275795
29-11-2024,South,1043,0.041564309,1.8719121
29-11-2024,East,870,0.058669105,2.256728233
29-11-2024,West,912,0.081972833,2.258814284
30-11-2024,North,815,0.080647608,3.420536706
30-11-2024,South,1031,0.059576769,1.450776492
30-11-2024,East,1104,0.055479275,2.631681677
30-11-2024,West,1023,0.037082884,1.790267294
01-12-2024,North,907,0.101541087,3.174488199
01-12-2024,South,1015,0.038063902,0.997947016
01-12-2024,East,1126,0.048336565,4.37733503
01-12-2024,West,928,0.067507906,1.460279089
02-12-2024,North,932,0.051432368,3.661230511
02-12-2024,South,1168,0.084382887,3.537594016
02-12-2024,East,808,0.061409722,3.994414528
02-12-2024,West,854,0.019505477,3.135206886
03-12-2024,North,926,0.047307603,3.114637875
03-12-2024,South,910,0.02530717,1.751196868
03-12-2024,East,1020,0.046138359,4.050319552
03-12-2024,West,1059,0.043742521,2.221195271
04-12-2024,North,1184,0.031084567,2.989257453
04-12-2024,South,884,0.051842623,4.384102469
04-12-2024,East,1008,0.045040916,2.520031854
04-12-2024,West,930,0.051976384,3.615793348
05-12-2024,North,1173,0.049156989,3.033526287
05-12-2024,South,829,0.049292141,2.883269355
05-12-2024,East,868,0.077956886,4.191173045
05-12-2024,West,851,0.067324738,2.606577059
06-12-2024,North,890,0.043930245,4.99434495
06-12-2024,South,1164,0.04541538,0.993069671
06-12-2024,East,868,0.05545267,3.342225579
06-12-2024,West,1097,0.043556351,2.582453934
07-12-2024,North,982,0.042682674,2.850695333
07-12-2024,South,1082,0.075152262,2.466547554
07-12-2024,East,996,0.054631327,3.248684599
07-12-2024,West,989,0.036684003,4.06518318
08-12-2024,North,1169,0.02858033,4.034263911
08-12-2024,South,960,0.044957332,2.868979898
08-12-2024,East,894,0.077410337,4.912343932
08-12-2024,West,937,0.048215934,4.61029298
09-12-2024,North,963,0.093915663,1.689897738
09-12-2024,South,935,0.055088138,3.484513131
09-12-2024,East,1130,0.058739673,3.801244455
09-12-2024,West,844,0.050381336,4.324329434
10-12-2024,North,990,0.031220136,3.926174527
10-12-2024,South,910,0.06050358,0.669714666
10-12-2024,East,1051,0.030286972,2.14973072
10-12-2024,West,1138,0.035158318,3.140074848
11-12-2024,North,1185,0.041861217,4.509110969
11-12-2024,South,1084,0.020975474,2.075731597
11-12-2024,East,1035,0.069462977,3.095616395
11-12-2024,West,1113,0.062452541,3.6522282
12-12-2024,North,1081,0.071867181,1.913413491
12-12-2024,South,1008,0.031996795,2.586551297
12-12-2024,East,1056,0.02577785,2.689731308
12-12-2024,West,986,0.063315201,5.281902917
13-12-2024,North,888,0.062622894,2.234140357
13-12-2024,South,820,0.048944898,3.653478982
13-12-2024,East,1177,0.042603351,3.23565075
13-12-2024,West,989,0.024123653,3.901005324
14-12-2024,North,1071,0.064095579,2.585875885
14-12-2024,South,819,0.033232762,1.787342867
14-12-2024,East,830,0.048807563,2.92879632
14-12-2024,West,1082,0.030414953,2.988820885
15-12-2024,North,1054,0.024773404,4.215233549
15-12-2024,South,1196,0.076595887,1.32441955
15-12-2024,East,1155,0.050521341,2.658027341
15-12-2024,West,961,0.023377878,2.587077855
16-12-2024,North,896,0.03214012,3.371676377
16-12-2024,South,916,0.033282595,1.904129189
16-12-2024,East,1081,0.066200942,3.786642939
16-12-2024,West,883,0.085173857,4.827441941
17-12-2024,North,980,0.062221418,2.233533569
17-12-2024,South,905,0.037788766,2.611370836
17-12-2024,East,980,0.061593869,3.285259612
17-12-2024,West,1074,0.067335493,4.464704484
18-12-2024,North,824,0.029979809,4.033189864
18-12-2024,South,1010,0.016507438,3.810002114
18-12-2024,East,1056,0.056787267,3.609942673
18-12-2024,West,1163,0.058621761,3.65185777
19-12-2024,North,1152,0.053953511,0.478395199
19-12-2024,South,945,0.037682387,2.751863671
19-12-2024,East,865,0.08882412,3.092379149
19-12-2024,West,1045,0.055147135,3.22108937
20-12-2024,North,1127,0.089061194,2.005143648
20-12-2024,South,944,0.06219458,3.320639778
20-12-2024,East,1136,0.078664259,3.068761548
20-12-2024,West,1097,0.034803957,2.289984557
21-12-2024,North,1191,0.04466394,3.323045732
21-12-2024,South,1171,0.072661269,3.144221757
21-12-2024,East,1163,0.035931368,1.98597662
21-12-2024,West,1040,0.069903353,3.937367414
22-12-2024,North,1028,0.016867902,4.864270368
22-12-2024,South,1163,0.072877149,2.745764871
22-12-2024,East,1155,0.071562508,2.913782902
22-12-2024,West,1166,0.053979888,2.503465158
23-12-2024,North,1180,0.026329173,2.615375824
23-12-2024,South,1149,0.06842444,1.775988098
23-12-2024,East,892,0.041021832,2.593889643
23-12-2024,West,1063,0.039069021,3.622138273
24-12-2024,North,1048,0.064294871,2.224584464
24-12-2024,South,899,0.047056947,2.140918156
24-12-2024,East,835,0.043717598,3.26018502
24-12-2024,West,1037,0.077829159,2.78775569
25-12-2024,North,905,0.061852076,3.383164023
25-12-2024,South,996,0.046034506,3.135733043
25-12-2024,East,952,0.054666906,2.190266153
25-12-2024,West,944,0.056617341,3.749766628
26-12-2024,North,975,0.076662569,1.53406736
26-12-2024,South,814,0.038570988,3.966171306
26-12-2024,East,1118,0.046391968,3.581670073
26-12-2024,West,1166,0.056495632,3.479939741
27-12-2024,North,881,0.051745549,1.962671286
27-12-2024,South,869,0.065749296,1.586429774
27-12-2024,East,1056,0.050912587,2.830180028
27-12-2024,West,829,0.042550568,4.767731812
28-12-2024,North,1156,0.039712472,2.964583155
28-12-2024,South,1078,0.088185941,1.962295178
28-12-2024,East,1008,0.057252494,2.310555462
28-12-2024,West,1059,0.038201692,3.331038903
29-12-2024,North,1088,0.048596528,3.554699339
29-12-2024,South,905,0.082854518,2.040336673
29-12-2024,East,991,0.045161435,1.411383142
29-12-2024,West,803,0.075914326,3.247470811
30-12-2024,North,823,0.056812447,5.076720351
30-12-2024,South,924,0.083733027,2.309859162
30-12-2024,East,1074,0.047606822,4.514280736
30-12-2024,West,1175,0.024260389,3.447892859
31-12-2024,North,1103,0.03071634,3.30196949
31-12-2024,South,986,0.062738162,2.524874722
31-12-2024,East,1157,0.043888155,2.795243441
31-12-2024,West,1187,0.055681304,2.524075188
